{
    "custom.pan": {
    "category": "master",
    "sounds": [
    "custom/pan"
  ],
    "subtitle": "BONK"
  },
  
    "custom.fnuny1": {
    "category": "master",
    "sounds": [
    "custom/reactor_disconnect"
  ],
    "subtitle": "Gavin Talks"
  },
  
  "custom.fnuny2": {
    "category": "master",
    "sounds": [
    "custom/checks_logs"
  ],
    "subtitle": "Gavin Talks"
  },
  
  "custom.fnuny3": {
    "category": "master",
    "sounds": [
    "custom/reactorneutron_star"
  ],
    "subtitle": "Gavin Talks"
  }
}