{
    "custom.beep1": {
    "category": "master",
    "sounds": [
    "custom/beep"
  ]
  },
  "custom.beep2": {
    "category": "master",
    "sounds": [
    "custom/beep2"
  ]
  },
  "custom.alarm": {
    "category": "master",
    "sounds": [
    "custom/alarm"
  ]
  },
  "custom.alarm2": {
    "category": "master",
    "sounds": [
    "custom/alarm2"
  ]
  },
  "custom.alarm3": {
    "category": "master",
    "sounds": [
    "custom/alarm3"
  ]
  },
  "custom.alarm4": {
    "category": "master",
    "sounds": [
    "custom/alarm4"
  ]
  },
  "custom.alarm5": {
    "category": "master",
    "sounds": [
    "custom/meltdownsiren"
  ]
  },
  "custom.notification": {
    "category": "master",
    "sounds": [
    "custom/notification"
  ]
  },
  "custom.overloadmusic": {
    "category": "master",
    "sounds": [
    "custom/overloadmusic"
  ]
  },
  "custom.shieldboom": {
    "category": "master",
    "sounds": [
    "custom/shieldboom"
  ]
  }
}