{
	"credit": "Made with Blockbench",
	"texture_size": [32, 32],
	"textures": {
		"0": "item/duck_texture",
		"particle": "item/duck_texture"
	},
	"elements": [
		{
			"from": [6, 0, 5],
			"to": [10, 3, 11],
			"faces": {
				"north": {"uv": [4, 0, 6, 1.5], "texture": "#0"},
				"east": {"uv": [0, 3, 3, 4.5], "texture": "#0"},
				"south": {"uv": [4, 1.5, 6, 3], "texture": "#0"},
				"west": {"uv": [3, 3, 6, 4.5], "texture": "#0"},
				"up": {"uv": [2, 3, 0, 0], "texture": "#0"},
				"down": {"uv": [4, 0, 2, 3], "texture": "#0"}
			}
		},
		{
			"from": [6.5, 2, 9],
			"to": [9.5, 5, 12],
			"faces": {
				"north": {"uv": [0, 4.5, 1.5, 6], "texture": "#0"},
				"east": {"uv": [1.5, 4.5, 3, 6], "texture": "#0"},
				"south": {"uv": [3, 4.5, 4.5, 6], "texture": "#0"},
				"west": {"uv": [4.5, 4.5, 6, 6], "texture": "#0"},
				"up": {"uv": [1.5, 7.5, 0, 6], "texture": "#0"},
				"down": {"uv": [7.5, 0, 6, 1.5], "texture": "#0"}
			}
		},
		{
			"from": [6.75, 2, 12],
			"to": [9.25, 3, 13],
			"faces": {
				"north": {"uv": [2, 6.5, 3.5, 7], "texture": "#0"},
				"east": {"uv": [3, 7, 3.5, 7.5], "texture": "#0"},
				"south": {"uv": [6.5, 2, 8, 2.5], "texture": "#0"},
				"west": {"uv": [4, 7, 4.5, 7.5], "texture": "#0"},
				"up": {"uv": [8, 3, 6.5, 2.5], "texture": "#0"},
				"down": {"uv": [8, 3, 6.5, 3.5], "texture": "#0"}
			}
		},
		{
			"from": [10, 1.5, 6.5],
			"to": [10.25, 2.5, 10],
			"faces": {
				"north": {"uv": [4.5, 7, 5, 7.5], "texture": "#0"},
				"east": {"uv": [1.5, 6, 3.5, 6.5], "texture": "#0"},
				"south": {"uv": [7, 4.5, 7.5, 5], "texture": "#0"},
				"west": {"uv": [6, 1.5, 8, 2], "texture": "#0"},
				"up": {"uv": [6.5, 4, 6, 2], "texture": "#0"},
				"down": {"uv": [4, 6, 3.5, 8], "texture": "#0"}
			}
		},
		{
			"from": [5.75, 1.5, 6.5],
			"to": [6, 2.5, 10],
			"faces": {
				"north": {"uv": [5, 7, 5.5, 7.5], "texture": "#0"},
				"east": {"uv": [4, 6, 6, 6.5], "texture": "#0"},
				"south": {"uv": [7, 5, 7.5, 5.5], "texture": "#0"},
				"west": {"uv": [6, 4, 8, 4.5], "texture": "#0"},
				"up": {"uv": [6.5, 6.5, 6, 4.5], "texture": "#0"},
				"down": {"uv": [2, 6.5, 1.5, 8.5], "texture": "#0"}
			}
		},
		{
			"from": [10, 1, 6.5],
			"to": [10.25, 1.5, 9.25],
			"faces": {
				"north": {"uv": [7, 5.5, 7.5, 6], "texture": "#0"},
				"east": {"uv": [6.5, 3.5, 8, 4], "texture": "#0"},
				"south": {"uv": [6, 7, 6.5, 7.5], "texture": "#0"},
				"west": {"uv": [4, 6.5, 5.5, 7], "texture": "#0"},
				"up": {"uv": [7, 6, 6.5, 4.5], "texture": "#0"},
				"down": {"uv": [6, 6.5, 5.5, 8], "texture": "#0"}
			}
		},
		{
			"from": [5.75, 1, 6.5],
			"to": [6, 1.5, 9.25],
			"faces": {
				"north": {"uv": [6.5, 7, 7, 7.5], "texture": "#0"},
				"east": {"uv": [6, 6.5, 7.5, 7], "texture": "#0"},
				"south": {"uv": [7, 7, 7.5, 7.5], "texture": "#0"},
				"west": {"uv": [6.5, 6, 8, 6.5], "texture": "#0"},
				"up": {"uv": [2.5, 8.5, 2, 7], "texture": "#0"},
				"down": {"uv": [3, 7, 2.5, 8.5], "texture": "#0"}
			}
		}
	],
	"display": {
		"thirdperson_righthand": {
			"rotation": [0, 180, 0],
			"translation": [0, 6, 3.25],
			"scale": [0.75, 0.75, 0.75]
		},
		"thirdperson_lefthand": {
			"rotation": [0, 180, 0],
			"translation": [0, 6, 3.25],
			"scale": [0.75, 0.75, 0.75]
		},
		"firstperson_righthand": {
			"rotation": [-19, -38, 0],
			"translation": [-0.5, 9.25, 0]
		},
		"firstperson_lefthand": {
			"translation": [-9, 13.25, 4.75]
		},
		"ground": {
			"translation": [0, 4.75, 0]
		},
		"gui": {
			"rotation": [26, -30, 0],
			"translation": [0.25, 11.5, 0],
			"scale": [2, 2, 2]
		},
		"head": {
			"rotation": [0, 180, 0],
			"translation": [0, 22.5, 0],
			"scale": [2, 2, 2]
		},
		"fixed": {
			"rotation": [0, 180, 0],
			"translation": [0, 18.25, 14.25],
			"scale": [4, 4, 4]
		}
	}
}