{
  "parent": "minecraft:item/generated",
  "textures": {
    "layer0": "minecraft:item/leather_helmet",
    "layer1": "minecraft:item/leather_helmet_overlay"
  },
  "overrides": [
    {
      "predicate": {
        "custom_model_data": 1
      },
      "model": "minecraft:item/duck"
    },
    {
      "predicate": {
        "trim_type": 0.1
      },
      "model": "minecraft:item/leather_helmet_quartz_trim"
    },
    {
      "predicate": {
        "trim_type": 0.2
      },
      "model": "minecraft:item/leather_helmet_iron_trim"
    },
    {
      "predicate": {
        "trim_type": 0.3
      },
      "model": "minecraft:item/leather_helmet_netherite_trim"
    },
    {
      "predicate": {
        "trim_type": 0.4
      },
      "model": "minecraft:item/leather_helmet_redstone_trim"
    },
    {
      "predicate": {
        "trim_type": 0.5
      },
      "model": "minecraft:item/leather_helmet_copper_trim"
    },
    {
      "predicate": {
        "trim_type": 0.6
      },
      "model": "minecraft:item/leather_helmet_gold_trim"
    },
    {
      "predicate": {
        "trim_type": 0.7
      },
      "model": "minecraft:item/leather_helmet_emerald_trim"
    },
    {
      "predicate": {
        "trim_type": 0.8
      },
      "model": "minecraft:item/leather_helmet_diamond_trim"
    },
    {
      "predicate": {
        "trim_type": 0.9
      },
      "model": "minecraft:item/leather_helmet_lapis_trim"
    },
    {
      "predicate": {
        "trim_type": 1
      },
      "model": "minecraft:item/leather_helmet_amethyst_trim"
    }
  ]
}
