{
	"credit": "Made with Blockbench",
	"textures": {
		"0": "block/polished_deepslate",
		"particle": "block/polished_deepslate"
	},
	"elements": [
		{
			"from": [3, 0, 11],
			"to": [13, 2, 16],
			"rotation": {"angle": 0, "axis": "y", "origin": [8, 8, 6.5]},
			"faces": {
				"north": {"uv": [0, 0, 10, 2], "texture": "#0"},
				"east": {"uv": [0, 0, 5, 2], "texture": "#0"},
				"south": {"uv": [3, 14, 13, 16], "texture": "#0"},
				"west": {"uv": [0, 0, 5, 2], "texture": "#0"},
				"up": {"uv": [3, 11, 13, 16], "rotation": 180, "texture": "#0"},
				"down": {"uv": [3, 11, 13, 16], "rotation": 180, "texture": "#0"}
			}
		},
		{
			"from": [0, 0, 0],
			"to": [16, 16, 11],
			"rotation": {"angle": 0, "axis": "y", "origin": [8, 8, 6.5]},
			"faces": {
				"north": {"uv": [0, 0, 16, 16], "texture": "#0"},
				"east": {"uv": [5, 0, 16, 16], "texture": "#0"},
				"south": {"uv": [0, 0, 16, 16], "texture": "#0"},
				"west": {"uv": [0, 0, 11, 16], "texture": "#0"},
				"up": {"uv": [0, 5, 16, 16], "rotation": 180, "texture": "#0"},
				"down": {"uv": [0, 0, 16, 11], "rotation": 180, "texture": "#0"}
			}
		},
		{
			"from": [0, 0, 11],
			"to": [3, 16, 16],
			"rotation": {"angle": 0, "axis": "y", "origin": [8, 8, 6.5]},
			"faces": {
				"north": {"uv": [0, 0, 3, 16], "texture": "#0"},
				"east": {"uv": [0, 0, 5, 16], "texture": "#0"},
				"south": {"uv": [0, 0, 3, 16], "texture": "#0"},
				"west": {"uv": [11, 0, 16, 16], "texture": "#0"},
				"up": {"uv": [13, 0, 16, 5], "rotation": 180, "texture": "#0"},
				"down": {"uv": [13, 11, 16, 16], "rotation": 180, "texture": "#0"}
			}
		},
		{
			"from": [13, 0, 11],
			"to": [16, 16, 16],
			"rotation": {"angle": 0, "axis": "y", "origin": [8, 8, 6.5]},
			"faces": {
				"north": {"uv": [0, 0, 3, 16], "texture": "#0"},
				"east": {"uv": [0, 0, 5, 16], "texture": "#0"},
				"south": {"uv": [13, 0, 16, 16], "texture": "#0"},
				"west": {"uv": [11, 0, 16, 16], "texture": "#0"},
				"up": {"uv": [0, 0, 3, 5], "rotation": 180, "texture": "#0"},
				"down": {"uv": [0, 11, 3, 16], "rotation": 180, "texture": "#0"}
			}
		},
		{
			"from": [3, 14, 11],
			"to": [13, 16, 16],
			"rotation": {"angle": 0, "axis": "y", "origin": [8, 8, 6.5]},
			"faces": {
				"north": {"uv": [0, 0, 10, 2], "texture": "#0"},
				"east": {"uv": [0, 0, 5, 2], "texture": "#0"},
				"south": {"uv": [3, 0, 13, 2], "texture": "#0"},
				"west": {"uv": [0, 0, 5, 2], "texture": "#0"},
				"up": {"uv": [3, 0, 13, 5], "rotation": 180, "texture": "#0"},
				"down": {"uv": [3, 0, 13, 5], "rotation": 180, "texture": "#0"}
			}
		}
	],
	"groups": [
		{
			"name": "group",
			"origin": [0, 0, 0],
			"color": 0,
			"children": [0, 1, 2, 3, 4]
		}
	]
}