{
  "parent": "minecraft:item/generated",
  "textures": {
    "layer0": "minecraft:item/heart_of_the_sea"
  },
  "overrides": [
    {
      "predicate": {
        "custom_model_data": 1
      },
      "model": "minecraft:item/slot"
    },
	{
      "predicate": {
        "custom_model_data": 2
      },
      "model": "minecraft:item/slotdown"
    },
	{
      "predicate": {
        "custom_model_data": 3
      },
      "model": "minecraft:item/arrowgui"
    },
	{
      "predicate": {
        "custom_model_data": 4
      },
      "model": "minecraft:item/darkslot"
    },
	{
      "predicate": {
        "custom_model_data": 5
      },
      "model": "minecraft:item/slotbrightdark"
    }
  ]
}
