{
	"format_version": "1.21.6",
	"credit": "Made with Blockbench",
	"texture_size": [64, 64],
	"textures": {
		"particle": "item/slottrashcan"
	},
	"elements": [
		{
			"from": [-1, -1, -1],
			"to": [17, 17, 17],
			"faces": {
				"north": {"uv": [0, 0, 4, 4], "texture": "#particle"},
				"east": {"uv": [0, 4, 4, 8], "texture": "#particle"},
				"south": {"uv": [4, 0, 8, 4], "texture": "#particle"},
				"west": {"uv": [4, 4, 8, 8], "texture": "#particle"},
				"up": {"uv": [4, 12, 0, 8], "texture": "#particle"},
				"down": {"uv": [12, 0, 8, 4], "texture": "#particle"}
			}
		}
	],
	"gui_light": "front",
	"display": {
		"thirdperson_righthand": {
			"scale": [0, 0, 0]
		},
		"thirdperson_lefthand": {
			"scale": [0, 0, 0]
		},
		"firstperson_righthand": {
			"scale": [0, 0, 0]
		},
		"firstperson_lefthand": {
			"scale": [0, 0, 0]
		},
		"ground": {
			"scale": [0.35, 0.35, 0.35]
		},
		"head": {
			"scale": [0, 0, 0]
		},
		"fixed": {
			"scale": [0, 0, 0]
		}
	}
}