{
    "providers": [
        {
            "type": "bitmap",
            "file": "stfr:font/case.png",
			"ascent": 63,
			"height": 64,
			"chars": [
				"c"
			]
        },
        {
            "type": "bitmap",
            "file": "stfr:font/down.png",
			"ascent": 63,
			"height": 64,
			"chars": [
				"d"
			]
        },
        {
            "type": "bitmap",
            "file": "stfr:font/east.png",
			"ascent": 63,
			"height": 64,
			"chars": [
				"e"
			]
        },
        {
            "type": "bitmap",
            "file": "stfr:font/south.png",
			"ascent": 63,
			"height": 64,
			"chars": [
				"s"
			]
        },
        {
            "type": "bitmap",
            "file": "stfr:font/west.png",
			"ascent": 63,
			"height": 64,
			"chars": [
				"w"
			]
        },
        {
            "type": "bitmap",
            "file": "stfr:font/north.png",
			"ascent": 63,
			"height": 64,
			"chars": [
				"n"
			]
        },
        {
            "type": "bitmap",
            "file": "stfr:font/up.png",
			"ascent": 63,
			"height": 64,
			"chars": [
				"u"
			]
        },
        {
            "type": "space",
            "advances": {
                " ": -65
            }
        }
    ]
}
