{
	"credit": "Made with Blockbench",
	"parent": "minecraft:block/cube_all",
	"textures": {
		"1": "block/sea_lantern",
		"all": "block/chiseled_polished_blackstone",
		"particle": "block/chiseled_polished_blackstone"
	},
	"elements": [
		{
			"from": [14, 0, 0],
			"to": [16, 2, 16],
			"faces": {
				"north": {"uv": [0, 14, 2, 16], "texture": "#all"},
				"east": {"uv": [0, 14, 16, 16], "texture": "#all"},
				"south": {"uv": [14, 14, 16, 16], "texture": "#all"},
				"west": {"uv": [0, 14, 16, 16], "texture": "#all"},
				"up": {"uv": [0, 0, 2, 16], "texture": "#all"},
				"down": {"uv": [0, 14, 16, 16], "rotation": 270, "texture": "#all"}
			}
		},
		{
			"from": [0, 0, 0],
			"to": [2, 2, 16],
			"faces": {
				"north": {"uv": [14, 14, 16, 16], "texture": "#all"},
				"east": {"uv": [0, 14, 16, 16], "texture": "#all"},
				"south": {"uv": [0, 14, 2, 16], "texture": "#all"},
				"west": {"uv": [0, 14, 16, 16], "texture": "#all"},
				"up": {"uv": [0, 0, 2, 16], "texture": "#all"},
				"down": {"uv": [0, 14, 16, 16], "rotation": 90, "texture": "#all"}
			}
		},
		{
			"from": [2, 0, 14],
			"to": [14, 2, 16],
			"faces": {
				"north": {"uv": [2, 14, 14, 16], "texture": "#all"},
				"east": {"uv": [0, 0, 2, 2], "texture": "#all"},
				"south": {"uv": [2, 14, 14, 16], "texture": "#all"},
				"west": {"uv": [0, 0, 2, 2], "texture": "#all"},
				"up": {"uv": [0, 0, 12, 2], "texture": "#all"},
				"down": {"uv": [2, 14, 14, 16], "rotation": 180, "texture": "#all"}
			}
		},
		{
			"from": [2, 0, 0],
			"to": [14, 2, 2],
			"faces": {
				"north": {"uv": [2, 14, 14, 16], "texture": "#all"},
				"east": {"uv": [0, 0, 2, 2], "texture": "#all"},
				"south": {"uv": [2, 14, 14, 16], "texture": "#all"},
				"west": {"uv": [0, 0, 2, 2], "texture": "#all"},
				"up": {"uv": [0, 0, 12, 2], "texture": "#all"},
				"down": {"uv": [14, 2, 16, 14], "rotation": 90, "texture": "#all"}
			}
		},
		{
			"from": [2, 14, 0],
			"to": [14, 16, 2],
			"rotation": {"angle": 0, "axis": "z", "origin": [8, 15, 8]},
			"faces": {
				"north": {"uv": [2, 14, 14, 16], "rotation": 180, "texture": "#all"},
				"east": {"uv": [0, 0, 2, 2], "rotation": 180, "texture": "#all"},
				"south": {"uv": [2, 14, 14, 16], "rotation": 180, "texture": "#all"},
				"west": {"uv": [0, 0, 2, 2], "rotation": 180, "texture": "#all"},
				"up": {"uv": [14, 2, 16, 14], "rotation": 270, "texture": "#all"},
				"down": {"uv": [0, 0, 12, 2], "rotation": 180, "texture": "#all"}
			}
		},
		{
			"from": [2, 14, 14],
			"to": [14, 16, 16],
			"rotation": {"angle": 0, "axis": "z", "origin": [8, 15, 8]},
			"faces": {
				"north": {"uv": [2, 14, 14, 16], "rotation": 180, "texture": "#all"},
				"east": {"uv": [0, 0, 2, 2], "rotation": 180, "texture": "#all"},
				"south": {"uv": [2, 14, 14, 16], "rotation": 180, "texture": "#all"},
				"west": {"uv": [0, 0, 2, 2], "rotation": 180, "texture": "#all"},
				"up": {"uv": [2, 14, 14, 16], "texture": "#all"},
				"down": {"uv": [0, 0, 12, 2], "rotation": 180, "texture": "#all"}
			}
		},
		{
			"from": [14, 14, 0],
			"to": [16, 16, 16],
			"rotation": {"angle": 0, "axis": "z", "origin": [8, 15, 8]},
			"faces": {
				"north": {"uv": [14, 14, 16, 16], "rotation": 180, "texture": "#all"},
				"east": {"uv": [0, 14, 16, 16], "rotation": 180, "texture": "#all"},
				"south": {"uv": [0, 14, 2, 16], "rotation": 180, "texture": "#all"},
				"west": {"uv": [0, 14, 16, 16], "rotation": 180, "texture": "#all"},
				"up": {"uv": [0, 14, 16, 16], "rotation": 270, "texture": "#all"},
				"down": {"uv": [0, 0, 2, 16], "rotation": 180, "texture": "#all"}
			}
		},
		{
			"from": [0, 14, 0],
			"to": [2, 16, 16],
			"rotation": {"angle": 0, "axis": "z", "origin": [8, 15, 8]},
			"faces": {
				"north": {"uv": [0, 14, 2, 16], "rotation": 180, "texture": "#all"},
				"east": {"uv": [0, 14, 16, 16], "rotation": 180, "texture": "#all"},
				"south": {"uv": [14, 14, 16, 16], "rotation": 180, "texture": "#all"},
				"west": {"uv": [0, 14, 16, 16], "rotation": 180, "texture": "#all"},
				"up": {"uv": [0, 14, 16, 16], "rotation": 90, "texture": "#all"},
				"down": {"uv": [0, 0, 2, 16], "rotation": 180, "texture": "#all"}
			}
		},
		{
			"from": [14, 2, 0],
			"to": [16, 14, 2],
			"faces": {
				"north": {"uv": [14, 4, 16, 16], "rotation": 180, "texture": "#all"},
				"east": {"uv": [14, 4, 16, 16], "texture": "#all"},
				"south": {"uv": [0, 0, 2, 12], "texture": "#all"},
				"west": {"uv": [0, 0, 2, 12], "texture": "#all"},
				"up": {"uv": [0, 0, 2, 2], "texture": "#all"},
				"down": {"uv": [0, 0, 2, 2], "texture": "#all"}
			}
		},
		{
			"from": [0, 2, 0],
			"to": [2, 14, 2],
			"faces": {
				"north": {"uv": [14, 4, 16, 16], "texture": "#all"},
				"east": {"uv": [0, 0, 2, 12], "texture": "#all"},
				"south": {"uv": [0, 0, 2, 12], "texture": "#all"},
				"west": {"uv": [14, 4, 16, 16], "rotation": 180, "texture": "#all"},
				"up": {"uv": [0, 0, 2, 2], "rotation": 270, "texture": "#all"},
				"down": {"uv": [0, 0, 2, 2], "rotation": 90, "texture": "#all"}
			}
		},
		{
			"from": [0, 2, 14],
			"to": [2, 14, 16],
			"rotation": {"angle": 0, "axis": "y", "origin": [1, 8, 15]},
			"faces": {
				"north": {"uv": [0, 0, 2, 12], "texture": "#all"},
				"east": {"uv": [0, 0, 2, 12], "texture": "#all"},
				"south": {"uv": [14, 4, 16, 16], "rotation": 180, "texture": "#all"},
				"west": {"uv": [14, 4, 16, 16], "texture": "#all"},
				"up": {"uv": [0, 0, 2, 2], "rotation": 180, "texture": "#all"},
				"down": {"uv": [0, 0, 2, 2], "rotation": 180, "texture": "#all"}
			}
		},
		{
			"from": [14, 2, 14],
			"to": [16, 14, 16],
			"rotation": {"angle": 0, "axis": "y", "origin": [15, 8, 15]},
			"faces": {
				"north": {"uv": [0, 0, 2, 12], "texture": "#all"},
				"east": {"uv": [14, 4, 16, 16], "rotation": 180, "texture": "#all"},
				"south": {"uv": [14, 4, 16, 16], "texture": "#all"},
				"west": {"uv": [0, 0, 2, 12], "texture": "#all"},
				"up": {"uv": [0, 0, 2, 2], "rotation": 90, "texture": "#all"},
				"down": {"uv": [0, 0, 2, 2], "rotation": 270, "texture": "#all"}
			}
		},
		{
			"from": [7, 7, 7],
			"to": [9, 9, 9],
			"rotation": {"angle": 45, "axis": "x", "origin": [8, 8, 8]},
			"faces": {
				"north": {"uv": [0, 14, 2, 16], "texture": "#1"},
				"east": {"uv": [14, 14, 16, 16], "texture": "#1"},
				"south": {"uv": [0, 0, 2, 2], "texture": "#1"},
				"west": {"uv": [14, 0, 16, 2], "texture": "#1"},
				"up": {"uv": [14, 14, 16, 16], "rotation": 180, "texture": "#1"},
				"down": {"uv": [0, 0, 2, 2], "rotation": 270, "texture": "#1"}
			}
		},
		{
			"from": [7, 7, 7],
			"to": [9, 9, 9],
			"rotation": {"angle": 45, "axis": "z", "origin": [8, 8, 8]},
			"faces": {
				"north": {"uv": [0, 14, 2, 16], "texture": "#1"},
				"east": {"uv": [14, 14, 16, 16], "texture": "#1"},
				"south": {"uv": [0, 0, 2, 2], "texture": "#1"},
				"west": {"uv": [14, 0, 16, 2], "texture": "#1"},
				"up": {"uv": [14, 14, 16, 16], "rotation": 180, "texture": "#1"},
				"down": {"uv": [0, 0, 2, 2], "rotation": 270, "texture": "#1"}
			}
		},
		{
			"from": [7, 7, 7],
			"to": [9, 9, 9],
			"rotation": {"angle": 45, "axis": "y", "origin": [8, 8, 8]},
			"faces": {
				"north": {"uv": [0, 14, 2, 16], "texture": "#1"},
				"east": {"uv": [14, 14, 16, 16], "texture": "#1"},
				"south": {"uv": [0, 0, 2, 2], "texture": "#1"},
				"west": {"uv": [14, 0, 16, 2], "texture": "#1"},
				"up": {"uv": [14, 14, 16, 16], "rotation": 180, "texture": "#1"},
				"down": {"uv": [0, 0, 2, 2], "rotation": 270, "texture": "#1"}
			}
		}
	]
}